"","sampleID.exp","test1.exp","allP.exp","ztest1","zallP","month","june","aug","exp.adjust","exp.adjustTest1","stress"
"1","10_A_65",19540000,23230000,-0.456975991705421,0.214966789112269,"june",1,0,1837.80405330895,19541837.8040533,3688162.19594669
"2","10_C_67",19090000,22590000,-0.657348974951645,0.0928276801607043,"june",1,0,1732.82478346261,19091732.8247835,3498267.17521654
"3","10_D_68",19550000,22850000,-0.452523258744393,0.142446693172278,"june",1,0,1820.84067373489,19551820.8406737,3298179.15932627
"4","162_A_941",17860000,23240000,-1.20503512915799,0.216875212689637,"june",1,0,1514.29404454618,17861514.2940445,5378485.70595545
"5","162_B_942",17800000,24030000,-1.23175152692415,0.367640675301725,"june",1,0,1568.44927003175,17801568.44927,6228431.55072997
"6","162_C_943",17500000,17090000,-1.36533351575497,-0.956805287391804,"june",1,0,980.816497355647,17500980.8164974,-410980.816497356
"7","162_D_944",17800000,21540000,-1.23175152692415,-0.107556795462957,"june",1,0,1352.41116689518,17801352.4111669,3738647.5888331
"8","166_B_966",19800000,12920000,-0.341204934718713,-1.75261791915434,"june",1,0,1194.1002026116,19801194.1002026,-6881194.10020261
"9","166_C_967",19100000,22490000,-0.652896241990617,0.073743444387022,"june",1,0,1727.94141506164,19101727.9414151,3388272.05858494
"10","170_A_989",18900000,20680000,-0.741950901211162,-0.271681223116622,"june",1,0,1545.91197525084,18901545.9119752,1778454.08802475
"11","170_B_990",18070000,24490000,-1.11152773697642,0.455428159860662,"june",1,0,1668.21513530685,18071668.2151353,6418331.78486469
"12","170_C_991",18270000,20420000,-1.02247307775588,-0.321300236128194,"june",1,0,1374.95529174974,18271374.9552917,2148625.04470825
"13","170_D_992",18530000,21390000,-0.906702020769168,-0.136183149123479,"june",1,0,1518.40330814575,18531518.4033081,2858481.59669185
"14","188_A_1197",2e+07,21930000,-0.252150275498169,-0.0331282759455968,"june",1,0,1835.56126974668,20001835.5612697,1928164.43873025
"15","188_B_1198",22710000,28770000,0.954540356940204,1.27223345097425,"june",1,0,2460.59525201414,22712460.595252,6057539.40474799
"16","19_A_125",21440000,23580000,0.389043270889749,0.281761614320156,"june",1,0,2019.36577452433,21442019.3657745,2137980.63422548
"17","19_B_126",19550000,23990000,-0.452523258744393,0.360006980992252,"june",1,0,1871.18512290595,19551871.1851229,4438128.81487709
"18","19_C_127",18900000,23760000,-0.741950901211162,0.316113238712784,"june",1,0,1774.0182642125,18901774.0182642,4858225.98173579
"19","19_D_128",21670000,23300000,0.491456128993375,0.228325754153847,"june",1,0,2032.79865107086,21672032.7986511,1627967.20134893
"20","201_A_1269",22460000,22190000,0.843222032914524,0.0164907370659767,"june",1,0,2082.01538981593,22462082.0153898,-272082.015389815
"21","201_B_1270",19160000,22550000,-0.626179844224454,0.0851939858512317,"june",1,0,1742.74093760234,19161742.7409376,3388257.2590624
"22","201_D_1272",20420000,24520000,-0.0651354911350256,0.461153430592766,"june",1,0,1961.58953296539,20421961.589533,4098038.41046704
"23","206_A_1329",18950000,22650000,-0.719687236406026,0.104278221624913,"june",1,0,1710.80096092913,18951710.8009609,3698289.19903907
"24","206_B_1330",18670000,19520000,-0.844363759314787,-0.493058358091332,"june",1,0,1396.9998753897,18671396.9998754,848603.000124611
"25","206_C_1331",21350000,16270000,0.348968674240504,-1.113296020736,"june",1,0,1718.05061018458,21351718.0506102,-5081718.05061018
"26","209_A_1365",18530000,11470000,-0.906702020769168,-2.02933933787273,"june",1,0,873.112222017826,18530873.112222,-7060873.11222202
"27","209_B_1366",18400000,11660000,-0.964587549262523,-1.99307928990274,"june",1,0,856.468880716047,18400856.4688807,-6740856.46888072
"28","209_C_1367",18650000,23540000,-0.853269225236843,0.274127920010683,"june",1,0,1715.68387857828,18651715.6838786,4888284.31612142
"29","209_D_1368",22230000,11130000,0.740809174810898,-2.09422573950325,"june",1,0,1516.31659277626,22231516.3165928,-11101516.3165928
"30","212_A_1401",20780000,23120000,0.0951628954619536,0.193974129761219,"june",1,0,1952.61447088135,20781952.6144709,2338047.38552912
"31","212_B_1402",20080000,13250000,-0.216528411809952,-1.68963994110119,"june",1,0,1262.29219715202,20081262.2921972,-6831262.29219715
"32","212_C_1403",19530000,22100000,-0.461428724666447,-0.000685075130337096,"june",1,0,1777.09840620787,19531777.0984062,2568222.90159379
"33","214_A_1425",22820000,12490000,1.0035204195115,-1.83468013298118,"june",1,0,1728.92958819907,22821728.9295882,-10331728.9295882
"34","214_B_1426",18370000,15550000,-0.977945748145603,-1.25070251830651,"june",1,0,1068.67092945425,18371068.6709295,-2821068.67092945
"35","214_C_1427",19830000,23630000,-0.327846735835632,0.291303732206997,"june",1,0,1886.43927077591,19831886.4392708,3798113.56072922
"36","214_D_1428",23290000,22930000,1.21279886867978,0.157714081791223,"june",1,0,2233.36124798466,23292233.361248,-362233.361247983
"37","221_B_1510",19920000,23480000,-0.287772139186386,0.262677378546474,"june",1,0,1889.93147687453,19921889.9314769,3558110.06852312
"38","221_C_1511",24820000,32920000,1.89406701171694,2.06422923558205,"june",1,0,3302.62083666323,24823302.6208367,8096697.37916334
"39","231_A_1629",20030000,23450000,-0.238792076615087,0.256952107814369,"june",1,0,1899.35176828252,20031899.3517683,3418100.64823172
"40","231_B_1630",2.2e+07,20770000,0.638396316707272,-0.254505410920308,"june",1,0,1989.94623357451,22001989.9462336,-1231989.94623357
"41","231_C_1631",19440000,11050000,-0.501503321315692,-2.1094931281222,"june",1,0,1029.94474593328,19441029.9447459,-8391029.94474593
"42","233_B_1654",20140000,28410000,-0.189812014043788,1.203530202189,"june",1,0,2043.40410727802,20142043.4041073,8267956.59589272
"43","233_C_1655",20810000,29820000,0.108521094345034,1.47261792659791,"june",1,0,2185.24327673173,20812185.2432767,9007814.75672327
"44","236_A_1689",20930000,18510000,0.161953889877361,-0.68580913940552,"june",1,0,1788.3542468919,20931788.3542469,-2421788.35424689
"45","236_C_1691",21360000,19990000,0.353421407201531,-0.403362449955027,"june",1,0,1908.52438121946,21361908.5243812,-1371908.52438122
"46","236_D_1692",23500000,26600000,1.30630626086135,0.858105534685352,"june",1,0,2456.83088385508,23502456.8308839,3097543.16911614
"47","242_A_1761",19230000,22470000,-0.595010713497264,0.0699265972322857,"june",1,0,1749.84985825435,19231749.8498583,3238250.15014175
"48","242_B_1762",19220000,23750000,-0.599463446458292,0.314204815135415,"june",1,0,1820.96671688693,19221820.9667169,4528179.03328311
"49","242_C_1763",18520000,22460000,-0.911154753730196,0.0680181736549179,"june",1,0,1605.72345400039,18521605.723454,3938394.276546
"50","242_D_1764",23450000,26220000,1.28404259605622,0.78558543874536,"june",1,0,2428.50339503145,23452428.503395,2767571.49660497
"51","243_A_1793",22190000,27750000,0.72299824296679,1.07757424608269,"june",1,0,2304.18832160742,22192304.1883216,5557695.81167839
"52","243_B_1794",2.1e+07,28890000,0.193123020604552,1.29513453390267,"june",1,0,2166.52768604322,21002166.527686,7887833.47231396
"53","243_C_1795",20250000,17630000,-0.140831951472489,-0.853750414213922,"june",1,0,1599.71760405429,20251599.7176041,-2621599.71760406
"54","243_D_1796",21420000,25700000,0.380137804967695,0.686347412722214,"june",1,0,2085.75210327552,21422085.7521033,4277914.24789672
"55","245_A_1797",27830000,13780000,3.23433963298613,-1.58849349150068,"june",1,0,2446.50912234918,27832446.5091223,-14052446.5091223
"56","245_B_1798",20900000,26820000,0.148595690994279,0.900090853387452,"june",1,0,2067.1580709763,20902067.158071,5917932.84192902
"57","245_D_1800",27300000,31300000,2.99834478605169,1.7550646160484,"june",1,0,3759.7790957691,27303759.7790958,3996240.22090423
"58","248_A_1833",23530000,23460000,1.31966445974444,0.258860531391738,"june",1,0,2298.20382742218,23532298.2038274,-72298.2038274221
"59","248_B_1834",21180000,29140000,0.273272213903041,1.34284512333687,"june",1,0,2208.32433784925,21182208.3243378,7957791.67566215
"60","248_C_1835",19600000,21900000,-0.430259593939257,-0.0388535466777016,"june",1,0,1776.49389516788,19601776.4938952,2298223.50610483
"61","248_D_1836",2e+07,25730000,-0.252150275498169,0.692072683454318,"june",1,0,1961.2237465798,20001961.2237466,5728038.77625342
"62","250_B_1858",24320000,26510000,1.67143036366558,0.840929722489038,"june",1,0,2562.1516572483,24322562.1516572,2187437.84834275
"63","250_C_1859",23030000,30800000,1.09702781169308,1.65964343717999,"june",1,0,2662.95396380886,23032662.9539638,7767337.04603619
"64","30_A_185",18930000,20410000,-0.72859270232808,-0.323208659705563,"june",1,0,1530.47268680501,18931530.4726868,1478469.5273132
"65","30_B_186",24270000,30340000,1.64916669886045,1.57185595262106,"june",1,0,2835.70255491606,24272835.7025549,6067164.29744508
"66","30_C_187",18410000,24910000,-0.960134816301495,0.535581950110126,"june",1,0,1762.60989326242,18411762.6098933,6498237.39010674
"67","30_D_188",20450000,27580000,-0.0517772922519451,1.04513104526743,"june",1,0,2046.58467234528,20452046.5846723,7127953.41532765
"68","35_A_221",22430000,26510000,0.829863834031442,0.840929722489038,"june",1,0,2275.10246473986,22432275.1024647,4077724.89753526
"69","35_C_223",18380000,22640000,-0.973493015184577,0.102369798047545,"june",1,0,1588.41089433655,18381588.4108943,4258411.58910566
"70","35_D_224",20550000,22650000,-0.00724996264167236,0.104278221624913,"june",1,0,1920.33696200363,20551920.336962,2098079.663038
"71","46_A_281",18130000,21650000,-1.08481133921026,-0.0865641361119065,"june",1,0,1443.29565921829,18131443.2956592,3518556.70434078
"72","46_B_282",19030000,11250000,-0.684065372717808,-2.07132465657483,"june",1,0,962.041986042212,19030962.041986,-7780962.04198604
"73","46_C_283",19210000,25170000,-0.603916179419318,0.5852009631217,"june",1,0,1880.49177111603,19211880.4917711,5958119.50822888
"74","46_D_284",21350000,26540000,0.348968674240504,0.846654993221142,"june",1,0,2109.5932558897,21352109.5932559,5187890.40674411
"75","70_A_425",25700000,22060000,2.28590751228734,-0.0083187694398104,"june",1,0,2508.80170393948,25702508.8017039,-3642508.80170394
"76","70_B_426",18650000,13950000,-0.853269225236843,-1.55605029068542,"june",1,0,1034.06406747226,18651034.0640675,-4701034.06406747
"77","70_C_427",18350000,15660000,-0.986851214067658,-1.22970985895546,"june",1,0,1071.00119434091,18351071.0011943,-2691071.00119434
"78","70_D_428",24810000,12590000,1.88961427875592,-1.81559589720749,"june",1,0,2019.26536196629,24812019.265362,-12222019.265362
"79","101",19650000,25460000,0.377210734848822,0.193705757313966,"aug",0,1,2002.12177782252,19652002.1217778,5807997.87822218
"80","102",18930000,24470000,-0.0803149818385482,-0.029192600949171,"aug",0,1,1864.7321191226,18931864.7321191,5538135.26788088
"81","103",19110000,21080000,0.0340664473332942,-0.792450615607791,"aug",0,1,1664.00881656423,19111664.0088166,1968335.99118344
"82","104",19440000,18850000,0.24376573414834,-1.29453479634193,"aug",0,1,1559.89743461012,19441559.8974346,-591559.897434611
"83","113",20710000,27840000,1.05079026219412,0.729562416572821,"aug",0,1,2361.4279933914,20712361.4279934,7127638.57200661
"84","114",1.9e+07,22690000,-0.035833314938387,-0.429959346109154,"aug",0,1,1766.74216555767,19001766.7421656,3688233.25783444
"85","116",18530000,29310000,-0.334495935553753,1.06053270611505,"aug",0,1,2007.72323473122,18532007.7232347,10777992.2767653
"86","137",18490000,24450000,-0.359914030925275,-0.0336955980857999,"aug",0,1,1774.49319042914,18491774.4931904,5958225.50680957
"87","138",18620000,20800000,-0.277305220967832,-0.855492575520597,"aug",0,1,1488.20179724163,18621488.2017972,2178511.79820276
"88","139",18890000,24900000,-0.105733077210068,0.0676218374883531,"aug",0,1,1879.96790316709,18891879.9679032,6008120.03209683
"89","140",17530000,22440000,-0.969948319841768,-0.486246810317017,"aug",0,1,1287.2111054486,17531287.2111054,4908712.78889455
"90","149",17660000,24710000,-0.887339509884326,0.0248433646903778,"aug",0,1,1552.91036346975,17661552.9103635,7048447.08963653
"91","151",21240000,23600000,1.38758002586676,-0.225072976392533,"aug",0,1,2193.87582802518,21242193.875828,2357806.12417198
"92","161",18690000,19450000,-0.232823554067671,-1.15944488224306,"aug",0,1,1390.35940447483,18691390.3594045,758609.640595526
"93","162",18990000,13390000,-0.0421878387812682,-2.52385301464165,"aug",0,1,1069.558534677,18991069.5585347,-5601069.55853468
"94","164",18160000,17320000,-0.569613317740319,-1.63901407729405,"aug",0,1,1092.42886142352,18161092.4288614,-841092.428861424
"95","17",18520000,23140000,-0.340850459396634,-0.328641910535001,"aug",0,1,1675.90065219589,18521675.9006522,4618324.0993478
"96","173",23760000,23310000,2.98892003427256,-0.290366434873655,"aug",0,1,2673.92928210229,23762673.9292821,-452673.929282103
"97","174",20950000,13590000,1.20329883442324,-2.47882304327536,"aug",0,1,1532.33858926483,20951532.3385893,-7361532.33858927
"98","175",18700000,24120000,-0.226469030224792,-0.107995050840178,"aug",0,1,1799.17522951644,18701799.1752295,5418200.82477048
"99","176",11940000,19560000,-4.52212714801177,-1.1346783979916,"aug",0,1,-176.043141186729,11939823.9568588,7620176.04314119
"100","18",19180000,25560000,0.0785481142334554,0.216220742997111,"aug",0,1,1947.93141838102,19181947.9314184,6378052.06858162
"101","19",18220000,13520000,-0.531486174683039,-2.49458353325356,"aug",0,1,866.994244640585,18220866.9942446,-4700866.99424464
"102","197",12320000,12870000,-4.28065524198232,-2.64093094019401,"aug",0,1,-179.26607757772,12319820.7339224,550179.266077578
"103","198",16780000,19380000,-1.44653760805778,-1.17520537222126,"aug",0,1,828.231447831039,16780828.2314478,2599171.76855217
"104","199",15310000,14030000,-2.38065261296116,-2.37975710626952,"aug",0,1,-81.6304675941367,15309918.3695324,-1279918.36953241
"105","200",17490000,21680000,-0.99536641521329,-0.65736070150892,"aug",0,1,1210.33589739958,17491210.3358974,4188789.6641026
"106","209",20120000,23550000,0.67587335546419,-0.236330469234106,"aug",0,1,1992.80017117098,20121992.8001712,3428007.19982883
"107","210",18110000,10520000,-0.60138593695472,-3.17003310374792,"aug",0,1,597.604016989158,18110597.604017,-7590597.60401699
"108","211",16810000,19500000,-1.42747403652914,-1.14818738940148,"aug",0,1,846.558241224605,16810846.5582412,2689153.44175877
"109","212",15450000,12640000,-2.29168927916084,-2.69271540726524,"aug",0,1,-102.326190232126,15449897.6738098,-2809897.67380977
"110","233",16720000,15260000,-1.48466475111506,-2.10282278236684,"aug",0,1,452.212101375663,16720452.2121014,-1460452.21210138
"111","234",16590000,23330000,-1.5672735610725,-0.285863437737026,"aug",0,1,1056.5278904339,16591056.5278904,6738943.47210957
"112","236",17910000,22500000,-0.728476413812323,-0.47273781890713,"aug",0,1,1418.38511280715,17911418.3851128,4588581.61488719
"113","245",19070000,27090000,0.00864835196177418,0.560700023949232,"aug",0,1,1989.99498014371,19071989.9949801,8018010.00501985
"114","246",19510000,27560000,0.288247401048501,0.666520456660014,"aug",0,1,2067.11944639919,19512067.1194464,8047932.8805536
"115","247",18120000,21060000,-0.595031413111839,-0.79695361274442,"aug",0,1,1354.98917737693,18121354.9891774,2938645.01082262
"116","248",18450000,24980000,-0.385332126296795,0.0856338260348696,"aug",0,1,1802.49075653662,18451802.4907565,6528197.50924346
"117","257",18670000,25480000,-0.245532601753431,0.198208754450595,"aug",0,1,1873.30617172556,18671873.3061717,6808126.69382827
"118","258",18970000,23580000,-0.0548968864670282,-0.229575973529163,"aug",0,1,1821.00454834164,18971821.0045483,4608178.99545166
"119","259",19040000,23410000,-0.010415219566867,-0.267851449190509,"aug",0,1,1824.55757294257,19041824.5575729,4368175.44242706
"120","260",18760000,17220000,-0.18834188716751,-1.66152906297719,"aug",0,1,1244.36226177375,18761244.3622618,-1541244.36226177
"121","269",18230000,16540000,-0.525131650840158,-1.81463096562258,"aug",0,1,1061.67653601292,18231061.676536,-1691061.67653601
"122","270",18840000,22740000,-0.137505696424469,-0.418701853267582,"aug",0,1,1730.43067051652,18841730.4306705,3898269.56932949
"123","271",18730000,17360000,-0.207405458696151,-1.63000808302079,"aug",0,1,1245.93532460645,18731245.9353246,-1371245.93532461
"124","272",18690000,22100000,-0.232823554067671,-0.56279776163971,"aug",0,1,1632.13840912822,18691632.1384091,3408367.86159087
"125","29",19320000,23040000,0.167511448033778,-0.351156896218146,"aug",0,1,1856.09380549592,19321856.0938055,3718143.9061945
"126","30",18830000,26250000,-0.143860220267351,0.371574144210813,"aug",0,1,1930.38890069486,18831930.3889007,7418069.61109931
"127","305",19590000,16580000,0.339083591791541,-1.80562497134932,"aug",0,1,1411.36313070192,19591411.3631307,-3011411.3631307
"128","306",18630000,23820000,-0.270950697124953,-0.175540007889614,"aug",0,1,1761.49436507169,18631761.4943651,5188238.50563493
"129","307",17610000,22090000,-0.919112129098728,-0.565049260208025,"aug",0,1,1282.62593148365,17611282.6259315,4478717.37406852
"130","308",18280000,24690000,-0.493359031625757,0.0203403675537489,"aug",0,1,1740.64229223468,18281740.6422922,6408259.35770776
"131","31",21570000,27520000,1.59727931268181,0.657514462386756,"aug",0,1,2572.00010520416,21572572.0001052,5947427.99989479
"132","317",18020000,22850000,-0.658576651540641,-0.393935369016122,"aug",0,1,1489.09784684859,18021489.0978468,4828510.90215315
"133","318",18770000,22850000,-0.181987363324631,-0.393935369016122,"aug",0,1,1720.86308662874,18771720.8630866,4078279.13691337
"134","319",18920000,21230000,-0.0866695056814271,-0.758678137083073,"aug",0,1,1621.5109349782,18921621.510935,2308378.48906502
"135","32",20010000,28530000,0.605973593192509,0.884915817786522,"aug",0,1,2225.24137086437,20012225.2413709,8517774.75862914
"136","320",18870000,24420000,-0.118442124895828,-0.0404500937907429,"aug",0,1,1851.49381176377,18871851.4938118,5548148.50618824
"137","329",18310000,21500000,-0.474295460097118,-0.697887675738581,"aug",0,1,1454.92299667108,18311454.9229967,3188545.07700333
"138","330",19700000,23010000,0.408983354063223,-0.357911391923089,"aug",0,1,1915.43207784198,19701915.4320778,3308084.56792216
"139","331",18290000,23810000,-0.487004507782878,-0.177791506457929,"aug",0,1,1668.35741559994,18291668.3574156,5518331.6425844
"140","332",18950000,22270000,-0.0676059341527882,-0.524522285978364,"aug",0,1,1721.26237003968,18951721.26237,3318278.73762996
"141","341",18840000,21110000,-0.137505696424469,-0.785696119902848,"aug",0,1,1585.96833705151,18841585.9683371,2268414.03166295
"142","342",17730000,17030000,-0.842857842984165,-1.70430753577517,"aug",0,1,954.351290513832,17730954.3512905,-700954.351290513
"143","343",16920000,20250000,-1.35757427425746,-0.979324996777896,"aug",0,1,933.423918244642,16920933.4239182,3329066.57608176
"144","344",18440000,23340000,-0.391686650139674,-0.283611939168711,"aug",0,1,1670.36465280748,18441670.3646528,4898329.63534719
"145","353",19920000,25990000,0.548782878606587,0.313035181434635,"aug",0,1,2060.94774791616,19922060.9477479,6067939.05225208
"146","354",18800000,24280000,-0.162923791795989,-0.0719710737471462,"aug",0,1,1830.18267373347,18801830.1826737,5478169.81732627
"147","355",19240000,23750000,0.116675257290735,-0.191300497867816,"aug",0,1,1879.52578705221,19241879.5257871,4508120.47421295
"148","356",18050000,23810000,-0.639513080012,-0.177791506457929,"aug",0,1,1593.5923497239,18051593.5923497,5758406.40765028
"149","365",19220000,23850000,0.103966209604975,-0.16878551218467,"aug",0,1,1881.23280108605,19221881.2328011,4628118.76719891
"150","366",14390000,22950000,-2.96526880650613,-0.371420383332977,"aug",0,1,185.693074914701,14390185.6930749,8559814.30692508
"151","367",18300000,23710000,-0.480649983939997,-0.200306492141074,"aug",0,1,1662.27267845667,18301662.2726785,5408337.72732154
"152","368",17680000,25150000,-0.874630462198566,0.123909301696216,"aug",0,1,1603.79153304651,17681603.791533,7468396.20846695
"153","377",18670000,24580000,-0.245532601753431,-0.00442611669771143,"aug",0,1,1822.72951870467,18671822.7295187,5908177.2704813
"154","378",18630000,23670000,-0.270950697124953,-0.209312486414331,"aug",0,1,1750.027257935,18631750.0272579,5038249.97274207
"155","379",18620000,21910000,-0.277305220967832,-0.605576234437686,"aug",0,1,1592.85821607128,18621592.8582161,3288407.14178393
"156","380",1.8e+07,24460000,-0.671285699226402,-0.031444099517485,"aug",0,1,1640.05547906449,18001640.0554791,6458359.94452094
"157","389",19750000,14040000,0.440755973277624,-2.37750560770121,"aug",0,1,1283.31823089526,19751283.3182309,-5711283.31823089
"158","390",18150000,19030000,-0.5759678415832,-1.25400782211227,"aug",0,1,1204.73093018885,18151204.7309302,878795.269069809
"159","391",18480000,24100000,-0.366268554768154,-0.112498047976807,"aug",0,1,1745.51746469239,18481745.5174647,5618254.48253531
"160","392",17870000,25300000,-0.753894509183843,0.157681780220934,"aug",0,1,1678.02082638282,17871678.0208264,7428321.97917362
"161","401",18490000,22220000,-0.359914030925275,-0.535779778819937,"aug",0,1,1581.41283070494,18491581.4128307,3728418.58716929
"162","402",18180000,23420000,-0.556904270054559,-0.265599950622194,"aug",0,1,1597.74421208311,18181597.7442121,5238402.25578792
"163","403",18360000,16480000,-0.442522840882717,-1.82813995703247,"aug",0,1,1092.75569147241,18361092.7556915,-1881092.75569147
"164","404",18820000,15170000,-0.150214744110229,-2.12308626948167,"aug",0,1,1131.62959555666,18821131.6295956,-3651131.62959556
"165","41",18790000,25480000,-0.169278315638871,0.198208754450595,"aug",0,1,1892.12967069582,18791892.1296707,6688107.87032931
"166","413",19540000,20930000,0.30731097257714,-0.826223094132509,"aug",0,1,1765.88834888304,19541765.8883489,1388234.11165112
"167","414",18220000,14860000,-0.531486174683039,-2.19288272509942,"aug",0,1,953.547233902803,18220953.5472339,-3360953.5472339
"168","415",16960000,22410000,-1.33215617888594,-0.493001306021961,"aug",0,1,1102.04095865426,16961102.0409587,5448897.95904135
"169","416",18240000,20390000,-0.518777126997279,-0.947804016821492,"aug",0,1,1334.91354549806,18241334.9135455,2148665.0864545
"170","42",23100000,37490000,2.56952146064247,2.90225853499633,"aug",0,1,4802.31335687255,23104802.3133569,14385197.6866431
"171","43",19050000,23460000,-0.00406069572398584,-0.256593956348936,"aug",0,1,1829.61806178414,19051829.6180618,4408170.38193822
"172","437",18690000,21900000,-0.232823554067671,-0.607827733006001,"aug",0,1,1613.58969399854,18691613.589694,3208386.410306
"173","438",18960000,18280000,-0.0612514103099071,-1.42287021473585,"aug",0,1,1372.92964306017,18961372.9296431,-681372.929643061
"174","439",18830000,14230000,-0.143860220267351,-2.33472713490323,"aug",0,1,1078.194340487,18831078.1943405,-4601078.19434049
"175","44",18630000,22970000,-0.270950697124953,-0.366917386196348,"aug",0,1,1692.50765865349,18631692.5076587,4338307.49234135
"176","440",19170000,17510000,0.0721935903905765,-1.59623560449607,"aug",0,1,1370.96919717949,19171370.9691972,-1661370.96919718
"177","449",19490000,20300000,0.275538353362739,-0.968067503936323,"aug",0,1,1703.07757876117,19491703.0775788,808296.922421239
"178","450",18870000,26220000,-0.118442124895828,0.364819648505869,"aug",0,1,1934.30319880355,18871934.3031988,7348065.6968012
"179","451",19100000,26970000,0.0277119234904153,0.533682041129458,"aug",0,1,1989.24943843111,19101989.2494384,7868010.75056157
"180","452",20030000,27430000,0.618682640878269,0.637250975271925,"aug",0,1,2155.59138459479,20032155.5913846,7397844.40861541
"181","461",17850000,25380000,-0.766603556869603,0.17569376876745,"aug",0,1,1679.2858742138,17851679.2858742,7528320.71412579
"182","462",18660000,25660000,-0.251887125596312,0.238735728680257,"aug",0,1,1880.63848034887,18661880.6384804,6998119.36151965
"183","463",19560000,26560000,0.3200200202629,0.441370599828562,"aug",0,1,2032.06988909487,19562032.0698891,6997967.93011091
"184","464",19850000,28610000,0.504301211706426,0.902927806333038,"aug",0,1,2191.9838502876,19852191.9838503,8757808.01614971
"185","473",20610000,28890000,0.987245023765316,0.965969766245845,"aug",0,1,2428.09500831544,20612428.0950083,8277571.90499169
"186","474",18850000,27260000,-0.131151172581588,0.598975499610579,"aug",0,1,1970.2926741363,18851970.2926741,8408029.70732586
"187","475",17230000,25880000,-1.16058403512817,0.288268697183176,"aug",0,1,1522.60162802368,17231522.601628,8648477.39837198
"188","476",18370000,26220000,-0.436168317039836,0.364819648505869,"aug",0,1,1861.34409489517,18371861.3440949,7848138.65590511
"189","485",19360000,27730000,0.192929543405298,0.704795932321361,"aug",0,1,2052.16337734114,19362052.1633773,8367947.83662266
"190","486",19350000,27160000,0.186575019562419,0.576460513927434,"aug",0,1,2027.440922558,19352027.4409226,7807972.55907744
"191","487",18930000,26680000,-0.0803149818385482,0.468388582648337,"aug",0,1,1958.80730136274,18931958.8073014,7748041.19269864
"192","488",20040000,27900000,0.625037164721148,0.743071407982707,"aug",0,1,2187.92779022148,20042187.9277902,7857812.07220978
"193","497",20450000,28560000,0.885572642279234,0.891670313491465,"aug",0,1,2349.15637039535,20452349.1563704,8107650.84362961
"194","53",18670000,25890000,-0.245532601753431,0.29052019575149,"aug",0,1,1893.09326542989,18671893.0932654,7218106.90673457
"195","54",19480000,25750000,0.26918382951986,0.258999215795087,"aug",0,1,1991.36086803258,19481991.360868,6268008.63913197
"196","55",19760000,24830000,0.447110497120505,0.0518613475101514,"aug",0,1,1993.08176002434,19761993.08176,5068006.91823998
"197","56",16780000,22370000,-1.44653760805778,-0.502007300295218,"aug",0,1,1042.82946643567,16781042.8294664,5588957.17053356
"198","6",18630000,25780000,-0.270950697124953,0.265753711500031,"aug",0,1,1881.75231444415,18631881.7523144,7148118.24768556
"199","7",19250000,21430000,0.123029781133617,-0.713648165716783,"aug",0,1,1732.01413048986,19251732.0141305,2178267.98586951
"200","716",20400000,29310000,0.853800023064832,1.06053270611505,"aug",0,1,2404.3704493223,20402404.3704493,8907595.62955068
"201","725",20200000,29320000,0.72670954620723,1.06278420468337,"aug",0,1,2344.09515093063,20202344.0951509,9117655.90484907
"202","726",20060000,29120000,0.637746212406908,1.01775423331708,"aug",0,1,2285.58926608,20062285.5892661,9057714.41073392
"203","727",19300000,28160000,0.154802400348018,0.801610370758885,"aug",0,1,2062.20628712518,19302062.2062871,8857937.79371287
"204","728",21210000,28180000,1.36851645433813,0.806113367895514,"aug",0,1,2536.7833878303,21212536.7833878,6967463.21661217
"205","737",19440000,27710000,0.24376573414834,0.700292935184732,"aug",0,1,2063.14557216236,19442063.1455722,8267936.85442784
"206","740",20220000,28380000,0.73941859389299,0.851143339261804,"aug",0,1,2268.68017537667,20222268.6801754,8157731.31982462
"207","749",19460000,27520000,0.2564747818341,0.657514462386756,"aug",0,1,2057.73942066037,19462057.7394207,8057942.26057934
"208","750",20580000,29210000,0.968181452236675,1.03801772043191,"aug",0,1,2450.53082711371,20582450.5308271,8627549.46917289
"209","751",19470000,27160000,0.262829305676979,0.576460513927434,"aug",0,1,2043.86026325576,19472043.8602633,7687956.13973675
"210","752",19120000,26970000,0.0404209711761754,0.533682041129458,"aug",0,1,1991.63138623223,19121991.6313862,7848008.36861377
"211","761",19880000,27840000,0.523364783235065,0.729562416572821,"aug",0,1,2148.75493890843,19882148.7549389,7957851.24506109
"212","762",20080000,24630000,0.650455260092668,0.00683137614386131,"aug",0,1,2028.46718563074,20082028.4671856,4547971.53281437
"213","763",19950000,27500000,0.567846450135226,0.653011465250127,"aug",0,1,2142.9902994337,19952142.9902994,7547857.00970057
"214","764",19400000,26660000,0.218347638776818,0.463885585511708,"aug",0,1,2014.76265333004,19402014.7626533,7257985.23734667
"215","77",22260000,4.5e+07,2.03574145784054,4.59313395980053,"aug",0,1,5092.90032307104,22265092.9003231,22734907.0996769
"216","773",19130000,27560000,0.0467754950190542,0.666520456660014,"aug",0,1,2014.52184622448,19132014.5218462,8427985.47815378
"217","774",19400000,28240000,0.218347638776818,0.819622359305401,"aug",0,1,2081.53637627916,19402081.5363763,8837918.46362372
"218","775",20480000,29590000,0.904636213807875,1.12357466602786,"aug",0,1,2457.94639564385,20482457.9463956,9107542.05360436
"219","78",17780000,23190000,-0.811085223769764,-0.317384417693428,"aug",0,1,1441.28273565268,17781441.2827357,5408558.71726435
"220","785",20520000,28520000,0.930054309179395,0.882664319218207,"aug",0,1,2366.20862362738,20522366.2086236,7997633.79137637
"221","786",19490000,26890000,0.275538353362739,0.515670052582942,"aug",0,1,2035.63364212498,19492035.6336421,7397964.36635787
"222","787",22360000,31210000,2.09928669626934,1.48831743409481,"aug",0,1,3339.75917745236,22363339.7591775,8846660.24082255
"223","788",18970000,27160000,-0.0548968864670282,0.576460513927434,"aug",0,1,1980.72129190807,18971980.7212919,8188019.27870809
"224","79",18660000,22260000,-0.251887125596312,-0.526773784546678,"aug",0,1,1637.80082916245,18661637.8008292,3598362.19917084
"225","797",19880000,28480000,0.523364783235065,0.87365832494495,"aug",0,1,2190.03789773434,19882190.0378977,8597809.96210226
"226","798",19770000,27880000,0.453465020963384,0.738568410846078,"aug",0,1,2128.81261731049,19772128.8126173,8107871.18738269
"227","799",18900000,27550000,-0.0993785533671894,0.6642689580917,"aug",0,1,1986.49088014865,18901986.4908802,8648013.50911985
"228","8",18870000,25080000,-0.118442124895828,0.108148811718014,"aug",0,1,1885.53650568892,18871885.5365057,6208114.46349431
"229","80",19590000,23830000,0.339083591791541,-0.1732885093213,"aug",0,1,1934.09992715689,19591934.0999272,4238065.90007284
"230","800",19350000,27320000,0.186575019562419,0.612484491020466,"aug",0,1,2033.77552066848,19352033.7755207,7967966.22447933
"231","809",19220000,27990000,0.103966209604975,0.763334895097538,"aug",0,1,2043.34136032387,19222043.3413603,8767956.65863968
"232","810",19730000,26440000,0.428046925591864,0.414352617008789,"aug",0,1,2051.39057227772,19732051.3905723,6707948.60942772
"233","811",20330000,28780000,0.809318356164671,0.941203281994385,"aug",0,1,2333.56887154453,20332333.5688715,8447666.43112846
"234","812",19640000,24940000,0.370856211005943,0.0766278317616118,"aug",0,1,1981.95259884455,19641981.9525988,5298018.04740116
"235","821",19060000,26790000,0.00229382811889304,0.493155066899796,"aug",0,1,1978.08535057143,19061978.0853506,7728021.91464943
"236","822",18960000,27550000,-0.0612514103099071,0.6642689580917,"aug",0,1,1993.54012441328,18961993.5401244,8588006.45987559
"237","823",19910000,24430000,0.542428354763706,-0.0381985952224288,"aug",0,1,1997.74888690191,19911997.7488869,4518002.2511131
"238","824",18750000,25820000,-0.194696411010391,0.274759705773289,"aug",0,1,1901.65706686562,18751901.6570669,7068098.34293313
"239","833",18610000,25550000,-0.283659744810713,0.213969244428797,"aug",0,1,1866.93656266168,18611866.9365627,6938133.06343734
"240","834",19840000,25270000,0.497946687863545,0.15092728451599,"aug",0,1,2019.97225910665,19842019.9722591,5427980.02774089
"241","835",19810000,27570000,0.478883116334904,0.668771955228329,"aug",0,1,2119.22675947245,19812119.2267595,7757880.77324053
"242","836",19120000,26510000,0.0404209711761754,0.430113106986991,"aug",0,1,1975.17971902916,19121975.179719,7388024.82028097
"243","845",19180000,26260000,0.0785481142334554,0.373825642779128,"aug",0,1,1973.37350371399,19181973.3735037,7078026.62649629
"244","846",18270000,26420000,-0.499713555468638,0.40984961987216,"aug",0,1,1854.66901455811,18271854.6690146,8148145.33098544
"245","847",17280000,26910000,-1.12881141591377,0.520173049719571,"aug",0,1,1645.14464845019,17281645.1446485,9628354.85535155
"246","848",18630000,26620000,-0.270950697124953,0.45487959123845,"aug",0,1,1919.20296513606,18631919.2029651,7988080.79703486
"247","857",19270000,25880000,0.135738828819377,0.288268697183176,"aug",0,1,1970.53286055673,19271970.5328606,6608029.46713944
"248","858",18700000,26010000,-0.226469030224792,0.317538178571265,"aug",0,1,1902.8893410527,18701902.8893411,7308097.11065895
"249","859",20110000,28130000,0.669518831621309,0.794855875053941,"aug",0,1,2220.90600513574,20112220.9060051,8017779.09399486
"250","860",20070000,28480000,0.644100736249789,0.87365832494495,"aug",0,1,2236.79520036057,20072236.7952004,8407763.20479964
"251","869",19870000,27760000,0.517010259392186,0.711550428026305,"aug",0,1,2141.90171543363,19872141.9017154,7887858.09828456
"252","870",18680000,28360000,-0.239178077910552,0.846640342125175,"aug",0,1,1990.11295965068,18681990.1129596,9678009.88704035
"253","871",19350000,27180000,0.186575019562419,0.580963511064063,"aug",0,1,2028.22518925071,19352028.2251892,7827971.77481075
"254","872",19550000,28770000,0.313665496420021,0.93895178342607,"aug",0,1,2137.10481708466,19552137.1048171,9217862.89518292
"255","881",21210000,28970000,1.36851645433813,0.98398175479236,"aug",0,1,2617.19240457744,21212617.1924046,7757382.80759542
"256","882",22140000,31090000,1.95948717172598,1.46129945127504,"aug",0,1,3226.95859340601,22143226.9585934,8946773.04140659
"257","883",22680000,30760000,2.30263145924151,1.38699999852066,"aug",0,1,3381.62727344791,22683381.6272734,8076618.37272655
"258","884",29810000,33460000,6.83340695921505,1.99490461196558,"aug",0,1,5130.70384459107,29815130.7038446,3644869.29615541
"259","89",19100000,26350000,0.0277119234904153,0.394089129893958,"aug",0,1,1967.08346289325,19101967.0834629,7248032.91653711
"260","893",18880000,27960000,-0.112087601052949,0.756580399392595,"aug",0,1,1998.970828672,18881998.9708287,9078001.02917133
"261","894",18050000,27120000,-0.639513080012,0.567454519654176,"aug",0,1,1854.09227237334,18051854.0922724,9068145.90772763
"262","895",19270000,27680000,0.135738828819377,0.693538439479788,"aug",0,1,2037.44672364472,19272037.4467236,8407962.55327636
"263","896",19790000,28800000,0.466174068649144,0.945706279131014,"aug",0,1,2191.10896442693,19792191.1089644,9007808.89103557
"264","9",19970000,26080000,0.580555497820986,0.333298668549466,"aug",0,1,2072.96491678507,19972072.9649168,6107927.03508322
"265","90",18910000,25780000,-0.0930240295243082,0.265753711500031,"aug",0,1,1922.03219904378,18911922.032199,6868077.96780096
"266","905",19670000,26810000,0.389919782534584,0.497658064036425,"aug",0,1,2058.28985949175,19672058.2898595,7137941.71014051
"267","906",20210000,27890000,0.733064070050111,0.740819909414393,"aug",0,1,2228.51719402411,20212228.517194,7677771.48280597
"268","907",20510000,28500000,0.923699785336516,0.878161322081579,"aug",0,1,2361.44545085152,20512361.4454508,7987638.55454915
"269","908",19410000,26130000,0.224702162619699,0.344556161391038,"aug",0,1,1996.4730120468,19411996.473012,6718003.52698795
"270","91",19850000,23880000,0.504301211706426,-0.162031016479727,"aug",0,1,1969.79067511134,19851969.7906751,4028030.20932489
"271","917",18110000,26860000,-0.60138593695472,0.508915556877998,"aug",0,1,1850.38990708383,18111850.3899071,8748149.61009292
"272","918",19210000,28010000,0.0976116857620966,0.767837892234168,"aug",0,1,2042.79074147227,19212042.7907415,8797957.20925853
"273","919",19380000,27490000,0.205638591091058,0.650759966681812,"aug",0,1,2044.86289677074,19382044.8628968,8107955.13710323
"274","92",19500000,24600000,0.28189287720562,7.68804389183066e-05,"aug",0,1,1952.06386263596,19501952.0638626,5098047.93613736
"275","920",18520000,26760000,-0.340850459396634,0.486400571194853,"aug",0,1,1910.19065047104,18521910.1906505,8238089.80934953
"276","929",18740000,26790000,-0.201050934853272,0.493155066899796,"aug",0,1,1939.95852544113,18741939.9585254,8048060.04147456
"277","930",20630000,27750000,0.999954071451076,0.70929892945799,"aug",0,1,2330.92990742471,20632330.9299074,7117669.07009257
"278","931",2e+07,28540000,0.599619069349627,0.887167316354836,"aug",0,1,2223.46367311423,20002223.4636731,8537776.53632689
"279","932",20140000,27690000,0.68858240314995,0.695789938048103,"aug",0,1,2197.21202806016,20142197.2120281,7547802.78797194
"280","953",18360000,26190000,-0.442522840882717,0.358065152800926,"aug",0,1,1857.99159568842,18361857.9915957,7828142.00840431
"281","954",18370000,27560000,-0.436168317039836,0.666520456660014,"aug",0,1,1923.44619584821,18371923.4461958,9188076.55380415
"282","955",17760000,27370000,-0.823794271455524,0.623741983862039,"aug",0,1,1812.41952052417,17761812.4195205,9608187.58047948
"283","956",18090000,26840000,-0.61409498464048,0.504412559741369,"aug",0,1,1845.57965295417,18091845.579653,8748154.42034705
"284","1013",11770000,23750000,-1.69133513175546,-0.402283692628093,"nov",0,0,1013.63602425056,11771013.6360242,11978986.3639758
"285","1014",15360000,28140000,-0.158177695627902,0.579740825355389,"nov",0,0,1991.11192434549,15361991.1119243,12778008.8880757
"286","1015",16340000,25310000,0.260344390000233,-0.0533182602694982,"nov",0,0,1966.66423084498,16341966.6642308,8968033.33576915
"287","1016",17260000,25460000,0.653242674467463,-0.0197638917734789,"nov",0,0,2058.80797697786,17262058.807977,8197941.19202302
"288","1027",14360000,23950000,-0.585241048309673,-0.357544534633401,"nov",0,0,1604.08484430171,14361604.0848443,9588395.9151557
"289","1037",16570000,27840000,0.358568961117041,0.512632088363352,"nov",0,0,2094.18265197972,16572094.182652,11267905.817348
"290","1038",16010000,24160000,0.11941348361525,-0.310568418738975,"nov",0,0,1886.43680231306,16011886.4368023,8148113.56319769
"291","1039",14760000,24530000,-0.414415707236964,-0.227800976448795,"nov",0,0,1734.4508854006,14761734.4508854,9768265.5491146
"292","1040",17200000,24470000,0.627618873306556,-0.241222723847203,"nov",0,0,2011.62496371597,17202011.6249637,7267988.37503628
"293","1049",13390000,2.5e+07,-0.99949250041099,-0.12266395516127,"nov",0,0,1489.91397806201,13391489.9139781,11608510.0860219
"294","1050",13420000,29370000,-0.986680599830537,0.854886647022743,"nov",0,0,1864.70628987504,13421864.7062899,15948135.2937101
"295","1051",14860000,25350000,-0.371709371968787,-0.0443704286705592,"nov",0,0,1810.67099490679,14861810.6709949,10488189.3290051
"296","1052",12960000,24450000,-1.18312974206415,-0.245696639646672,"nov",0,0,1334.79831702746,12961334.798317,11488665.201683
"297","1061",19230000,24810000,1.49455747925055,-0.165166155256227,"nov",0,0,2309.76138508161,19232309.7613851,5577690.23861492
"298","1062",13860000,15020000,-0.798772724650558,-2.35514793909638,"nov",0,0,837.09918491499,13860837.0991849,1159162.90081508
"299","1063",13180000,24130000,-1.08917580447416,-0.317279292438179,"nov",0,0,1355.31769558838,13181355.3176956,10948644.6823044
"300","1064",14430000,24430000,-0.555346613621949,-0.250170555446141,"nov",0,0,1663.35582464545,14431663.3558246,9998336.64417535
"301","1073",11860000,28850000,-1.6528994300141,0.738564836236545,"nov",0,0,1521.01712984003,11861521.0171298,16988478.9828702
"302","1074",12720000,23370000,-1.28562494670778,-0.487288092818007,"nov",0,0,1185.99120345678,12721185.9912035,10648814.0087965
"303","1075",11580000,25340000,-1.77247716876499,-0.0466073865702942,"nov",0,0,1097.53299039722,11581097.5329904,13758902.4670096
"304","1076",15150000,16400000,-0.247860999691074,-2.04644774893301,"nov",0,0,1159.79811692711,15151159.7981169,1248840.20188307
"305","1085",13640000,24510000,-0.892726662240547,-0.232274892248264,"nov",0,0,1498.7686040801,13641498.7686041,10868501.2313959
"306","1086",12870000,2.6e+07,-1.22156544380551,0.101031834812188,"nov",0,0,1468.21993664214,12871468.2199366,13128531.7800634
"307","1087",13190000,23080000,-1.08490517094734,-0.55215987191031,"nov",0,0,1263.26572264418,13191263.2657226,9888736.73427736
"308","1088",13460000,23050000,-0.969598065723266,-0.558870745609513,"nov",0,0,1319.33274045188,13461319.3327405,9588680.66725955
"309","1199",11710000,25090000,-1.71695893291636,-0.102531334063659,"nov",0,0,1105.87997657884,11711105.8799766,13378894.1200234
"310","1200",14650000,23660000,-0.461392676031959,-0.422416313725704,"nov",0,0,1637.55592810887,14651637.5559281,9008362.44407189
"311","1221",14080000,12230000,-0.704818787060568,-2.97925919312233,"nov",0,0,678.658223627272,14080678.6582236,-1850678.65822363
"312","1222",17060000,16030000,0.567830003931108,-2.12921519122319,"nov",0,0,1442.94628759893,17061442.9462876,-1031442.9462876
"313","1223",18370000,27750000,1.12728299594423,0.49249946726574,"nov",0,0,2382.86593039483,18372382.8659304,9377617.13406961
"314","1224",13100000,16270000,-1.1233408726887,-2.07552820162956,"nov",0,0,761.151134767072,13100761.1511348,3169238.84886523
"315","1245",14890000,24030000,-0.358897471388334,-0.339648871435524,"nov",0,0,1716.87885096495,14891716.878851,9138283.12114904
"316","1246",13240000,22090000,-1.06355200331326,-0.773618703984034,"nov",0,0,1193.36795084647,13241193.3679508,8848806.63204915
"317","1247",13810000,23250000,-0.820125892284646,-0.514131587614822,"nov",0,0,1414.82189156043,13811414.8218916,9438585.17810844
"318","1248",14030000,22760000,-0.726171954694657,-0.623742524701816,"nov",0,0,1417.63974263312,14031417.6397426,8728582.36025737
"319","1258",14210000,24570000,-0.649300551211938,-0.218853144849857,"nov",0,0,1631.05990064592,14211631.0599006,10358368.9400994
"320","1259",14270000,24380000,-0.623676750051032,-0.261355344944814,"nov",0,0,1625.77943427888,14271625.7794343,10108374.2205657
"321","1260",13980000,24410000,-0.747525122328745,-0.25464447124561,"nov",0,0,1565.8477776657,13981565.8477777,10428434.1522223
"322","1275",14710000,22630000,-0.435768874871052,-0.652822977398366,"nov",0,0,1553.16149299809,14711553.161493,7918446.838507
"323","1281",14790000,22800000,-0.401603806656511,-0.614794693102878,"nov",0,0,1586.27189777468,14791586.2718978,8008413.72810223
"324","1282",14510000,22880000,-0.521181545407407,-0.596899029905002,"nov",0,0,1533.9065217277,14511533.9065217,8368466.09347827
"325","1283",12680000,24060000,-1.30270748081505,-0.332937997736321,"nov",0,0,1235.47871586597,12681235.4787159,11378764.5212841
"326","1284",16590000,23350000,0.367110228170676,-0.491762008617476,"nov",0,0,1909.21028256552,16591909.2102826,6758090.78971743
"327","1293",13100000,24260000,-1.1233408726887,-0.288198839741629,"nov",0,0,1349.20066962975,13101349.2006696,11158650.7993304
"328","1294",14880000,23170000,-0.363168104915151,-0.532027250812698,"nov",0,0,1639.42187503463,14881639.421875,8288360.57812496
"329","1295",16530000,22240000,0.34148642700977,-0.740064335488015,"nov",0,0,1844.5427825489,16531844.5427825,5708155.45721745
"330","1296",10720000,23190000,-2.13975165207132,-0.527553335013229,"nov",0,0,739.879591854071,10720739.8795919,12469260.1204081
"331","1305",14120000,22920000,-0.687736252953298,-0.587951198306063,"nov",0,0,1452.34137680966,14121452.3413768,8798547.65862319
"332","1306",13850000,13230000,-0.803043358177376,-2.75556340314887,"nov",0,0,702.697705502879,13850702.6977055,-620702.697705504
"333","1307",14640000,2.4e+07,-0.465663309558776,-0.346359745134728,"nov",0,0,1666.5303389465,14641666.5303389,9358333.46966105
"334","1308",13850000,23140000,-0.803043358177376,-0.538738124511902,"nov",0,0,1413.3876676843,13851413.3876677,9288586.61233232
"335","1317",14620000,14180000,-0.474204576612412,-2.54305240267409,"nov",0,0,932.237380097362,14620932.2373801,-440932.237380097
"336","1320",21620000,30670000,2.51523889215998,1.14569117398824,"nov",0,0,3504.89682213628,21623504.8968221,9046495.10317786
"337","1329",16620000,10100000,0.37992212875113,-3.4557312257658,"nov",0,0,1046.37197901099,16621046.371979,-6521046.37197901
"338","1332",12660000,16790000,-1.31124874786868,-1.95920639084336,"nov",0,0,697.048469745585,12660697.0484697,4129302.95153025
"339","1341",17890000,31730000,0.922292586656978,1.3828087113601,"nov",0,0,2722.17861772749,17892722.1786177,13837277.8213823
"340","1342",14880000,28290000,-0.363168104915151,0.613295193851408,"nov",0,0,1957.56373820011,14881957.5637382,13408042.4362618
"341","1344",16360000,28930000,0.268885657053868,0.756460499434421,"nov",0,0,2127.67358806514,16362127.6735881,12567872.3264119
"342","1353",21930000,22430000,2.64762853149133,-0.697562135393058,"nov",0,0,2540.21812359085,21932540.2181236,497459.781876408
"343","1354",15770000,28770000,0.0169182789716239,0.720669173038668,"nov",0,0,2052.80924254111,15772052.8092425,12997947.1907575
"344","1355",11980000,30210000,-1.60165182769229,1.04279111060045,"nov",0,0,1690.82350446306,11981690.8235045,18228309.1764955
"345","1356",17220000,13400000,0.636160140360191,-2.71753511885339,"nov",0,0,1302.71888683223,17221302.7188868,-3821302.71888683
"346","1378",14310000,23500000,-0.606594215943761,-0.458207640121457,"nov",0,0,1549.96318771148,14311549.9631877,9188450.03681229
"347","1379",17520000,30630000,0.764279146164722,1.1367433423893,"nov",0,0,2492.16748763234,17522492.1674876,13107507.8325124
"348","1380",13520000,21590000,-0.94397426456236,-0.885466598970763,"nov",0,0,1211.75251984072,13521211.7525198,8068788.24748016
"349","1389",17080000,25890000,0.576371270984743,0.076425297915108,"nov",0,0,2058.58995939629,17082058.5899594,8807941.4100406
"350","1390",15040000,21560000,-0.294837968486069,-0.892177472669967,"nov",0,0,1522.63770987205,15041522.6377099,6518477.36229013
"351","1391",20450000,27160000,2.01557476952231,0.3605189511814,"nov",0,0,2698.66347898448,20452698.663479,6707301.33652101
"352","1424",12680000,29410000,-1.30270748081505,0.863834478621681,"nov",0,0,1757.79703774384,12681757.7970377,16728242.2029623
"353","1426",21400000,10160000,2.42128495456999,-3.44230947836739,"nov",0,0,1753.0500873482,21401753.0500873,-11241753.0500873
"354","1437",20170000,30340000,1.89599703077142,1.071871563297,"nov",0,0,3054.58484370206,20173054.5848437,10166945.4151563
"355","1440",16310000,17180000,0.24753248941978,-1.87196503275371,"nov",0,0,1399.9640975871,16311399.9640976,868600.035902414
"356","1449",12490000,18810000,-1.38384951782458,-1.50734089509698,"nov",0,0,812.284522880031,12490812.2845229,6319187.71547712
"357","1450",14870000,24340000,-0.36743873844197,-0.270303176543752,"nov",0,0,1738.57376766869,14871738.5737677,9468261.42623233
"358","1451",13380000,28930000,-1.00376313393781,0.756460499434421,"nov",0,0,1833.41059464715,13381833.4105946,15548166.5894054
"359","1452",15650000,21700000,-0.0343293233501882,-0.860860062073682,"nov",0,0,1660.05228993486,15651660.0522899,6048339.94771007
"360","1461",12590000,27620000,-1.34114318255641,0.463419014569191,"nov",0,0,1570.19586712034,12591570.1958671,15028429.8041329
"361","1462",12230000,16850000,-1.49488598952184,-1.94578464344495,"nov",0,0,589.64916463386,12230589.6491646,4619410.35083537
"362","1467",14970000,22350000,-0.324732403173792,-0.715457798590934,"nov",0,0,1581.79623113113,14971581.7962311,7378418.20376887
"363","1487",14580000,20880000,-0.491287110719683,-1.04429060985192,"nov",0,0,1367.67897941696,14581367.6789794,6298632.32102058
"364","1488",16170000,22260000,0.187743620044333,-0.735590419688545,"nov",0,0,1795.26818708637,16171795.2681871,6088204.73181291
"365","1497",14840000,14570000,-0.380250639022423,-2.45581104458444,"nov",0,0,996.665251703436,14840996.6652517,-270996.665251704
"366","1498",20860000,25540000,2.19067074412184,-0.00186822857560266,"nov",0,0,2617.10581701229,20862617.105817,4677382.89418299
"367","1499",18900000,21500000,1.35362657286557,-0.905599220068374,"nov",0,0,2067.72880192033,18902067.7288019,2597932.27119808
"368","1500",16310000,20740000,0.24753248941978,-1.0756080204482,"nov",0,0,1701.91868385106,16311701.9186838,4428298.08131615
"369","1521",13390000,18690000,-0.99949250041099,-1.53418438989379,"nov",0,0,985.958508951918,13390985.958509,5299014.04149105
"370","1523",15520000,33150000,-0.0898475591988188,1.70045673312241,"nov",0,0,2322.87781305086,15522322.8778131,17627677.122187
"371","1533",21940000,22730000,2.65189916501815,-0.63045339840102,"nov",0,0,2557.81235047703,21942557.8123505,787442.187649522
"372","1534",20050000,30650000,1.8447494284496,1.14121725818877,"nov",0,0,3077.42725943366,20053077.4272594,10596922.5727406
"373","1536",13210000,25360000,-1.07636390389371,-0.0421334707708251,"nov",0,0,1484.02994148916,13211484.0299415,12148515.9700585
"374","1543",12840000,19150000,-1.23437734438596,-1.431284326506,"nov",0,0,908.954371978495,12840908.954372,6309091.04562802
"375","1545",23100000,28270000,3.147292654129,0.608821278051939,"nov",0,0,3425.81475965517,23103425.8147597,5166574.18524034
"376","1546",11510000,23480000,-1.80237160345272,-0.462681555920926,"nov",0,0,938.998760041304,11510938.99876,11969061.00124
"377","1557",20300000,29630000,1.95151526662005,0.913047552415842,"nov",0,0,2972.58984531601,20302972.5898453,9327027.41015469
"378","1558",17390000,30530000,0.708760910316093,1.11437376339195,"nov",0,0,2451.18183387202,17392451.1818339,13137548.8181661
"379","1809",16610000,26280000,0.375651495224311,0.163666656004757,"nov",0,0,2027.96276137259,16612027.9627614,9667972.03723863
"380","1810",13900000,25080000,-0.781690190543287,-0.104768291963394,"nov",0,0,1613.5403124182,13901613.5403124,11178386.4596876
"381","1811",17300000,27720000,0.670325208574733,0.485788593566536,"nov",0,0,2187.14852712101,17302187.1485271,10417812.8514729
"382","1812",15150000,27560000,-0.247860999691074,0.449997267170783,"nov",0,0,1951.76878589194,15151951.7687859,12408048.2312141
"383","1821",17210000,28180000,0.631889506833374,0.588688656954327,"nov",0,0,2204.37276772358,17212204.3727677,10967795.6272323
"384","1823",14450000,27670000,-0.546805346568313,0.474603804067864,"nov",0,0,1891.67645618261,14451891.6764562,13218108.3235438
"385","1824",15940000,27800000,0.0895190489275249,0.503684256764413,"nov",0,0,2027.56098868628,15942027.5609887,11857972.4390113
"386","1845",15060000,26750000,-0.286296701432433,0.268803677292282,"nov",0,0,1910.22663193843,15061910.2266319,11688089.7733681
"387","1846",15200000,27460000,-0.226507832056985,0.427627688173438,"nov",0,0,1952.09174795368,15201952.091748,12258047.908252
"388","1847",16320000,27460000,0.251803122946598,0.427627688173438,"nov",0,0,2049.30871017888,16322049.3087102,11137950.6912898
"389","1848",14400000,25250000,-0.568158514202401,-0.0667400076679054,"nov",0,0,1728.6452929379,14401728.6452929,10848271.3547071
"390","499",17340000,27390000,0.687407742682004,0.411968982875295,"nov",0,0,2171.72465779576,17342171.7246578,10047828.2753422
"391","500",16650000,28030000,0.392734029331582,0.555134288458309,"nov",0,0,2113.99394034673,16652113.9939403,11377886.0060597
"392","509",1.8e+07,28070000,0.969269555451973,0.564082120057247,"nov",0,0,2338.64927175355,18002338.6492718,10067661.3507282
"393","510",15890000,28430000,0.0681658812934368,0.644612604447692,"nov",0,0,2049.45143931834,15892049.4514393,12537950.5485607
"394","511",16190000,28390000,0.196284887097968,0.635664772848754,"nov",0,0,2078.51221602464,16192078.512216,12197921.487784
"395","512",15680000,27500000,-0.0215174227697354,0.436575519772376,"nov",0,0,1993.36600588288,15681993.3660059,11818006.6339941
"396","521",14280000,28010000,-0.619406116524214,0.55066037265884,"nov",0,0,1890.39780113498,14281890.3978011,13728109.6021989
"397","523",16130000,27320000,0.170661085937061,0.396310277577153,"nov",0,0,2025.41298728499,16132025.4129873,11187974.5870127
"398","524",16080000,27230000,0.149307918302972,0.376177656479542,"nov",0,0,2017.32609013126,16082017.3260901,11147982.6739099
"399","533",17960000,26880000,0.952187021344702,0.297884129988831,"nov",0,0,2237.41063602121,17962237.410636,8917762.58936398
"400","534",17040000,27510000,0.559288736877472,0.438812477672111,"nov",0,0,2135.86214557937,17042135.8621456,10467864.1378544
"401","535",12740000,26780000,-1.27708367965414,0.275514550991486,"nov",0,0,1518.25014805516,12741518.2501481,14038481.7498519
"402","536",15290000,28480000,-0.188072130315626,0.655797393946365,"nov",0,0,1998.31546832091,15291998.3154683,13188001.6845317
"403","545",15610000,24300000,-0.0514118574574595,-0.279251008142691,"nov",0,0,1846.96147361116,15611846.9614736,8688153.03852639
"404","546",18850000,33960000,1.33227340523148,1.88165032300092,"nov",0,0,3382.65384562516,18853382.6538456,15106617.3461544
"405","547",15040000,25700000,-0.294837968486069,0.0339230978201507,"nov",0,0,1855.79538697398,15041855.795387,10658144.204613
"406","548",14650000,29660000,-0.461392676031959,0.919758426115046,"nov",0,0,1991.64209335824,14651991.6420934,15008008.3579066
"407","557",13790000,28150000,-0.828667159338282,0.581977783255123,"nov",0,0,1840.27419336133,13791840.2741934,14358159.7258066
"408","558",16380000,27980000,0.277426924107504,0.543949498959636,"nov",0,0,2079.47244355804,16382079.4724436,11597920.5275564
"409","559",15010000,27520000,-0.307649869066522,0.441049435571845,"nov",0,0,1938.20212418044,15011938.2021242,12508061.7978758
"410","560",14560000,27120000,-0.499828377773318,0.351571119582462,"nov",0,0,1876.0336091545,14561876.0336092,12558123.9663908
"411","569",16880000,26920000,0.490958600448389,0.30683196158777,"nov",0,0,2084.3258930998,16882084.3258931,10037915.6741069
"412","570",19770000,34670000,1.72517168969871,2.04047433388207,"nov",0,0,3829.71665624485,19773829.7166562,14896170.2833438
"413","571",17070000,27450000,0.572100637457926,0.425390730273703,"nov",0,0,2136.47624013753,17072136.4762401,10377863.5237599
"414","572",17360000,27700000,0.695949009735639,0.481314677767067,"nov",0,0,2195.2987007846,17362195.2987008,10337804.7012992
"415","581",17670000,27530000,0.828338649066989,0.44328639347158,"nov",0,0,2234.75733050281,17672234.7573305,9857765.2426695
"416","582",16050000,28500000,0.13649601772252,0.660271309745834,"nov",0,0,2068.78031897967,16052068.780319,12447931.219681
"417","583",17140000,30850000,0.60199507214565,1.18595641618346,"nov",0,0,2429.89405915817,17142429.8940592,13707570.1059408
"418","584",14610000,27240000,-0.47847521013923,0.378414614379276,"nov",0,0,1887.54590722195,14611887.5459072,12628112.4540928
"419","593",13600000,25700000,-0.909809196347818,0.0339230978201507,"nov",0,0,1608.2117032883,13601608.2117033,12098391.7882967
"420","594",20350000,35810000,1.97286843425413,2.29548753445181,"nov",0,0,4251.1700183065,20354251.1700183,15455748.8299817
"421","595",16690000,26160000,0.409816563438854,0.136823161207942,"nov",0,0,2030.69354100396,16692030.693541,9467969.306459
"422","596",15630000,26260000,-0.0428705904038235,0.159192740205288,"nov",0,0,1941.90196993712,15631941.9019699,10628058.0980301
"423","605",16430000,27960000,0.298780091741593,0.539475583160167,"nov",0,0,2084.08236570188,16432084.0823657,11527915.9176343
"424","606",15720000,27650000,-0.00443488866246418,0.470129888268394,"nov",0,0,2002.43473518734,15722002.4347352,11927997.5652648
"425","607",15370000,27960000,-0.153907062101085,0.539475583160167,"nov",0,0,1985.12183108902,15371985.1218311,12588014.8781689
"426","608",14880000,27850000,-0.363168104915151,0.514869046263086,"nov",0,0,1940.21476518673,14881940.2147652,12968059.7852348
"427","617",15750000,29690000,0.00837701191798866,0.92646929981425,"nov",0,0,2095.34081506081,15752095.3408151,13937904.6591849
"428","618",18600000,36030000,1.22550756706104,2.34470060824597,"nov",0,0,3768.40960314764,18603768.4096031,17426231.5903969
"429","619",16560000,26630000,0.354298327590222,0.241960182495467,"nov",0,0,2037.54542602433,16562037.545426,10067962.454574
"430","620",16010000,26710000,0.11941348361525,0.259855845693344,"nov",0,0,1991.29441310117,16011991.2944131,10698008.7055869
"431","629",16660000,24590000,0.3970046628584,-0.214379229050388,"nov",0,0,1967.16730652044,16661967.1673065,7928032.83269348
"432","630",16840000,23900000,0.473876066341119,-0.368729324132074,"nov",0,0,1956.45045273944,16841956.4504527,7058043.54954726
"433","631",16760000,27790000,0.439710998126578,0.501447298864678,"nov",0,0,2114.76540423436,16762114.7654042,11027885.2345958
"434","632",15840000,27460000,0.046812713659348,0.427627688173438,"nov",0,0,2005.3520599487,15842005.3520599,11617994.6479401
"435","641",20500000,33440000,2.0369279371564,1.76532851221472,"nov",0,0,3778.71852858335,20503778.7185286,12936221.2814714
"436","642",16360000,28810000,0.268885657053868,0.729617004637606,"nov",0,0,2120.75250624973,16362120.7525063,12447879.2474937
"437","643",15840000,27370000,0.046812713659348,0.407495067075826,"nov",0,0,2001.90082546936,15842001.9008255,11527998.0991745
"438","644",15620000,26320000,-0.0471412239306419,0.172614487603695,"nov",0,0,1943.4082221293,15621943.4082221,10698056.5917779
"439","653",16630000,24710000,0.384192762277946,-0.187535734253573,"nov",0,0,1969.12199948594,16631969.1219995,8078030.87800051
"440","654",15250000,2.7e+07,-0.205154664422897,0.324727624785647,"nov",0,0,1938.21474361618,15251938.2147436,11748061.7852564
"441","655",16200000,27300000,0.200555520624785,0.391836361777684,"nov",0,0,2031.04400498501,16202031.044005,11097968.955995
"442","656",1.5e+07,25460000,-0.311920502593339,-0.0197638917734789,"nov",0,0,1836.83546097664,15001836.835461,10458163.164539
"443","665",14020000,29810000,-0.730442588221475,0.953312794611064,"nov",0,0,1945.89364190043,14021945.8936419,15788054.1063581
"444","666",19400000,33990000,1.56715824920645,1.88836119670012,"nov",0,0,3559.20458649207,19403559.2045865,14586440.7954135
"445","667",18490000,28360000,1.17853059826604,0.62895389914955,"nov",0,0,2462.49153274251,18492462.4915327,9867537.50846726
"446","668",19900000,29820000,1.78068992554734,0.955549752510799,"nov",0,0,2913.69872474813,19902913.6987247,9917086.30127525
"447","677",16930000,27610000,0.512311768082478,0.461182056669456,"nov",0,0,2126.79725044398,16932126.7972504,10677873.2027496
"448","678",16730000,26590000,0.426899097546124,0.233012350896529,"nov",0,0,2052.78975179865,16732052.7897518,9857947.2102482
"449","679",16350000,26070000,0.264615023527052,0.11669054011033,"nov",0,0,1996.28731580172,16351996.2873158,9718003.7126842
"450","680",16250000,28200000,0.221908688258874,0.593162572753796,"nov",0,0,2075.8528709732,16252075.852871,11947924.147129
"451","689",16010000,27460000,0.11941348361525,0.427627688173438,"nov",0,0,2020.19388374337,16012020.1938837,11447979.8061163
"452","690",21920000,36010000,2.64335789796451,2.3402266924465,"nov",0,0,4649.00476216568,21924649.0047622,14085350.9952378
"453","691",17310000,27430000,0.67459584210155,0.420916814474234,"nov",0,0,2169.75128717948,17312169.7512872,10117830.2487128
"454","692",15500000,25750000,-0.098388826252454,0.0451078873188238,"nov",0,0,1908.44594124295,15501908.4459412,10248091.5540588
"455","701",13580000,23530000,-0.918350463401454,-0.451496766422253,"nov",0,0,1389.68082669898,13581389.6808267,9948610.3191733
"456","702",16690000,25400000,0.409816563438854,-0.0331856391718869,"nov",0,0,2000.75434170969,16692000.7543417,8707999.24565829
"457","703",15280000,26270000,-0.192342763842444,0.161429698105022,"nov",0,0,1910.17927937122,15281910.1792794,10988089.8207206
"458","704",15210000,26320000,-0.222237198530167,0.172614487603695,"nov",0,0,1905.56941263644,15211905.5694126,11108094.4305874
"459","713",15490000,28910000,-0.102659459779272,0.751986583634952,"nov",0,0,2032.59750899961,15492032.597509,13417967.402491
"460","714",20640000,32130000,2.09671680653185,1.47228702734949,"nov",0,0,3529.01327561484,20643529.0132756,11486470.9867244
"461","715",17360000,28090000,0.695949009735639,0.568556035856716,"nov",0,0,2222.84468380894,17362222.8446838,10727777.1553162
"462","977",12010000,28420000,-1.58883992711183,0.642375646547958,"nov",0,0,1512.1837351864,12011512.1837352,16408487.8162648
"463","978",1.6e+07,24340000,0.115142850088431,-0.270303176543752,"nov",0,0,1894.12487616939,16001894.1248762,8338105.87512383
"464","979",15130000,23490000,-0.256402266744709,-0.460444598021192,"nov",0,0,1715.7976164141,15131715.7976164,8358284.20238359
"465","980",13470000,24950000,-0.965327432196448,-0.133848744659943,"nov",0,0,1503.55167685953,13471503.5516769,11478496.4483231
